id;name;jhi_add;age;seven
1;mobile Fish;Home Loan Account Table Computer;5825;2
2;FTP Savings Account;deposit Tasty Metal Bacon Implementation;95;3
3;Officer;methodology Albania;43204;4
4;intangible;enable Gorgeous Frozen Pants;23290;5
5;Licensed Savings Account;Cambridgeshire Mississippi;4662;6
6;Credit Card Account Table Small Frozen Sausages;South Dakota envisioneer Music;23103;7
7;Monitored Bahamian Dollar Investment Account;Games Regional Digitized;66258;8
8;hardware Costa Rica Mayotte;Industrial;84231;9
9;Views e-enable Communications;National Awesome sky blue;4539;10
10;software scale interactive;Louisiana Specialist Home Loan Account;27612;11
